,acc,pre,rec,f1
0,0.7978436657681941,0.7893323809677462,0.7887022787159353,0.7888899288884078
